insert into test.development.operators (id, created_at, modified_at, first_name, last_name, middle_name, city,
                                        country_code_number, phone_number, email, password)
values ('ea4a3096-bb06-4a43-9fbc-6bdeb95e182a', now(), now(), 'Clopa', 'Gorkiy', 'Borisovich', 'Moscow', '7',
        '9009009090', 'email@email.com',
        '{36,50,97,36,48,52,36,56,78,112,68,80,78,50,50,112,97,85,90,72,116,97,70,66,120,74,104,100,46,100,104,75,78,117,122,76,89,108,56,115,50,114,108,99,90,67,74,118,98,116,73,110,110,97,67,113,79,46,104,113}'),
       ('bb424c65-6607-489b-9db9-6bc8449b7e51', now(), now(), 'Klementiy', 'Jhukov', 'Pavlovich', 'Penza', '8',
        '9039009090', 'emaila@email.com',
        '{36,50,97,36,48,52,36,56,78,112,68,80,78,50,50,112,97,85,90,72,116,97,70,66,120,74,104,100,46,100,104,75,78,117,122,76,89,108,56,115,50,114,108,99,90,67,74,118,98,116,73,110,110,97,67,113,79,46,104,113}'),
       ('4cfad44f-2a4d-4462-912e-113d8ce428fd', now(), now(), 'Michael', 'Vosnetsov', 'Romanovich', 'Syktyvkar', '7',
        '9019019090', 'emailb@email.com',
        '{36,50,97,36,48,52,36,56,78,112,68,80,78,50,50,112,97,85,90,72,116,97,70,66,120,74,104,100,46,100,104,75,78,117,122,76,89,108,56,115,50,114,108,99,90,67,74,118,98,116,73,110,110,97,67,113,79,46,104,113}'),
       ('319e4715-0c9e-4c99-9fb4-a79ba58bf133', now(), now(), 'Sergey', 'Khlebov', 'Fedorovich', 'Moscow', '8',
        '9029029090', 'emailc@email.com', '{36,50,97,36,48,52,36,56,78,112,68,80,78,50,50,112,97,85,90,72,116,97,70,66,120,74,104,100,46,100,104,75,78,117,122,76,89,108,56,115,50,114,108,99,90,67,74,118,98,116,73,110,110,97,67,113,79,46,104,113}'),
       ('bef0c626-1af5-4f78-8821-a4877c73a2b0', now(), now(), 'Pavel', 'Lopukhov', 'Klementinovich', 'Boston', '44',
        '3339059090', 'emaild@email.com',
        '{36,50,97,36,48,52,36,56,78,112,68,80,78,50,50,112,97,85,90,72,116,97,70,66,120,74,104,100,46,100,104,75,78,117,122,76,89,108,56,115,50,114,108,99,90,67,74,118,98,116,73,110,110,97,67,113,79,46,104,113}'),
       ('167ed880-3a5c-4949-bad8-ad2634ab7ab9', now(), now(), 'Fedor', 'Gorkiy', 'Klementinovich', 'Samara', '8',
        '9039009091', 'emaile@email.com', '{36,50,97,36,48,52,36,56,78,112,68,80,78,50,50,112,97,85,90,72,116,97,70,66,120,74,104,100,46,100,104,75,78,117,122,76,89,108,56,115,50,114,108,99,90,67,74,118,98,116,73,110,110,97,67,113,79,46,104,113}'),
       ('d96ab496-58ea-40f8-ab33-41383a809dc0', now(), now(), 'Arnold', 'Schwarzenegger', 'Alois', 'Thal', '1',
        '9049009390', 'emailf@email.com',
        '{36,50,97,36,48,52,36,56,78,112,68,80,78,50,50,112,97,85,90,72,116,97,70,66,120,74,104,100,46,100,104,75,78,117,122,76,89,108,56,115,50,114,108,99,90,67,74,118,98,116,73,110,110,97,67,113,79,46,104,113}'),
       ('2a8e3b03-bcc9-4946-96fa-d26d66d3b3cf', now(), now(), 'Viktor', 'Tsoy', 'Zhiv', 'Moscow', '8', '8005559090',
        'emailg@email.com', '{36,50,97,36,48,52,36,56,78,112,68,80,78,50,50,112,97,85,90,72,116,97,70,66,120,74,104,100,46,100,104,75,78,117,122,76,89,108,56,115,50,114,108,99,90,67,74,118,98,116,73,110,110,97,67,113,79,46,104,113}'),
       ('047cfce5-15c4-4672-81b0-242d5d1417f7', now(), now(), 'Gerar', 'Depordie', '', 'Ryazan', '8', '9059009190',
        'emailh@email.com', '{36,50,97,36,48,52,36,56,78,112,68,80,78,50,50,112,97,85,90,72,116,97,70,66,120,74,104,100,46,100,104,75,78,117,122,76,89,108,56,115,50,114,108,99,90,67,74,118,98,116,73,110,110,97,67,113,79,46,104,113}'),
       ('e6745a46-6eb6-4ca4-a769-549259c26e56', now(), now(), 'Mark', 'Hamill', 'Richard', 'Star Wars', '1',
        '1023035591', 'emailk@email.com', '{36,50,97,36,48,52,36,56,78,112,68,80,78,50,50,112,97,85,90,72,116,97,70,66,120,74,104,100,46,100,104,75,78,117,122,76,89,108,56,115,50,114,108,99,90,67,74,118,98,116,73,110,110,97,67,113,79,46,104,113}');

insert into test.development.projects (id, created_at, modified_at, project_name, project_type)
values ('e0a1c218-1aa4-4261-bb03-dacd1d106c40', now(), now(), 'R2D2', 'auto'),
       ('aac75330-8a90-40e2-9440-066cca9a1f8a', now(), now(), 'T1000', 'out'),
       ('29525e05-6507-4820-80c7-b0a56bc7f5e2', now(), now(), 'MarkIII', 'in'),
       ('00e674b9-bd42-4fd1-adc7-1b64686ba19b', now(), now(), 'Zvezda5', 'auto'),
       ('d2dd5687-81a6-4ca4-9233-2575fd947f98', now(), now(), 'Belka', 'in'),
       ('a9dc1e83-e35f-4a42-bfe5-3250f19139b4', now(), now(), 'Tapok10', 'auto'),
       ('b291f395-c6dc-4c45-b3f7-83c8bce5fe95', now(), now(), 'Vishnya1', 'in'),
       ('6453704b-8498-4704-8997-59b0716661db', now(), now(), 'Habbl', 'auto'),
       ('b0a32a5e-724e-4495-87dc-f03befe9bf3a', now(), now(), 'Lopasti', 'in'),
       ('78647dc3-86e6-4b16-b937-3fda1c0618ff', now(), now(), 'TopProject', 'out');

insert into test.development.project_operators (project_id, operator_id)
values ('e0a1c218-1aa4-4261-bb03-dacd1d106c40','e6745a46-6eb6-4ca4-a769-549259c26e56'),
       ('aac75330-8a90-40e2-9440-066cca9a1f8a','d96ab496-58ea-40f8-ab33-41383a809dc0'),
       ('29525e05-6507-4820-80c7-b0a56bc7f5e2','167ed880-3a5c-4949-bad8-ad2634ab7ab9'),
       ('29525e05-6507-4820-80c7-b0a56bc7f5e2','bef0c626-1af5-4f78-8821-a4877c73a2b0'),
       ('29525e05-6507-4820-80c7-b0a56bc7f5e2','bb424c65-6607-489b-9db9-6bc8449b7e51'),
       ('29525e05-6507-4820-80c7-b0a56bc7f5e2','319e4715-0c9e-4c99-9fb4-a79ba58bf133'),
       ('29525e05-6507-4820-80c7-b0a56bc7f5e2','ea4a3096-bb06-4a43-9fbc-6bdeb95e182a'),
       ('6453704b-8498-4704-8997-59b0716661db','ea4a3096-bb06-4a43-9fbc-6bdeb95e182a'),
       ('78647dc3-86e6-4b16-b937-3fda1c0618ff','ea4a3096-bb06-4a43-9fbc-6bdeb95e182a');